Variabel;Display_navn;Type;Kategori;Beskrivelse;Kilde;Kilde_url;Tabell;Enhet;Frekvens;Startaar;Sluttaar;Funksjon;Kommentar;Omraade;Analyse_type
KPI;KPI;Original;Priser og inflasjon;Konsumprisindeks;SSB;https://data.ssb.no/api/v0/no/table/pp/pp04/kpi/SBMENU12006/Kpi11;14711;2025=100;Årlig;1865;;get_kpi;Historisk KPI-serie;Norge;indeks
Inflasjon;Inflasjon;Beregnet;Priser og inflasjon;Årsvekst i KPI;Beregnet;;KPI;Prosent;Årlig;1866;;get_kpi;Beregnet som (KPI / lag(KPI) - 1) * 100;Norge;rate
Befolkning;Befolkning;Original;Demografi;Befolkning 1. januar;SSB;https://data.ssb.no/api/v0/no/table/be/be05/folkemengde/SBMENU5580/FolkHistorie;5803;Personer;Årlig;1735;;get_befolkning;Historisk befolkningsserie;Norge;nivå
Arbeidsstyrke;Arbeidsstyrke;Original;Arbeidsmarked;Personer i arbeidsstyrken, 15-74 År;SSB AKU;https://data.ssb.no/api/v0/no/table/al/al03/aku/SBMENU9728/ArbStyrkAar;3780;Personer;Årlig;1972;;get_arbeidsstyrke;Summert menn og kvinner, multiplisert med 1000;Norge;nivå
Sysselsatte;Sysselsatte;Original;Arbeidsmarked;Sysselsatte personer, 15-74 År;SSB AKU;https://data.ssb.no/api/v0/no/table/al/al06/aku/SBMENU9726/SysselAKUAar;3781;Personer;Årlig;1972;;get_sysselsatte;Summert menn og kvinner, multiplisert med 1000;Norge;nivå
Arbeidsledige_NAV;Arbeidsledige NAV;Original;Arbeidsmarked;Registrerte helt arbeidsledige;NAV;https://www.nav.no/_/attachment/download/a5aa83cd-c083-4b88-9359-1c1b3b2f936e:285ebf18c576ff0fd1537a83289401df2498cae4/Tabell%203_Helt%20ledige%20fordelt%20pa%20kjonn.Aarsgjennomsnitt.1948_2025.xls;Tabell 3;Personer;Årlig;1948;2025;get_ledighet;Årsgjennomsnitt. Brudd i statistikken dokumentert av NAV;Norge;nivå
Menn_arbeidsledige_NAV;Menn arbeidsledige NAV;Original;Arbeidsmarked;Registrerte helt arbeidsledige menn;NAV;https://www.nav.no/...;Tabell 3;Personer;Årlig;1948;2025;get_ledighet;Årsgjennomsnitt;Norge;nivå
Kvinner_arbeidsledige_NAV;Kvinner arbeidsledige NAV;Original;Arbeidsmarked;Registrerte helt arbeidsledige kvinner;NAV;https://www.nav.no/...;Tabell 3;Personer;Årlig;1948;2025;get_ledighet;Årsgjennomsnitt;Norge;nivå
Arbeidsledighetsrate_NAV;Arbeidsledighetsrate NAV;Original;Arbeidsmarked;Registrerte helt arbeidsledige i prosent av arbeidsstyrken;NAV;https://www.nav.no/...;Tabell 3;Prosent;Årlig;1948;2025;get_ledighet;Årsgjennomsnitt;Norge;rate
Kvinneandel_arbeidsledige_NAV;Kvinneandel arbeidsledige NAV;Original;Arbeidsmarked;Andel kvinner blant registrerte helt arbeidsledige;NAV;https://www.nav.no/...;Tabell 3;Prosent;Årlig;1948;2025;get_ledighet;Årsgjennomsnitt;Norge;rate
Styringsrente;Styringsrente;Original;Finansmarkeder;Norges Banks styringsrente;Norges Bank;https://data.norges-bank.no/api/data/IR/M.KPRA..?format=csv&lastNObservations=1200&locale=no&bom=include;IR/M.KPRA;Prosent;Månedlig til Årsgjennomsnitt;1982;;get_rente;Årsgjennomsnitt beregnet fra månedstall;Norge;rate
BNP_lopende;BNP lopende;Original;Nasjonalregnskap;Bruttonasjonalprodukt, markedsverdi, løpende priser;SSB;https://data.ssb.no/api/v0/no/table/nk/nk03/knr/SBMENU5140/NRbnp;NRMakroHov;Millioner kroner;Årlig;1970;;get_bnp_lopende;Makrost = bnpb.nr23_9, ContentsCode = Priser.;Norge;nivå
BNP_Fastland;BNP Fastland;Original;Nasjonalregnskap;BNP Fastlands-Norge, faste priser;SSB;https://data.ssb.no/api/v0/no/table/nk/nk03/knr/SBMENU5140/NRMakroHov;NRMakroHov;Millioner kroner, faste priser;Årlig;1970;;get_bnp_fastland;Makrost = bnpb.nr23_9fn, ContentsCode = Faste;Norge;nivå
BNP_Fastland_vekst;BNP Fastland vekst;Beregnet;Nasjonalregnskap;Årsvekst i BNP Fastlands-Norge;Beregnet;;BNP_Fastland;Prosent;Årlig;1971;;get_bnp_fastland;Beregnet som (BNP_Fastland / lag(BNP_Fastland) - 1) * 100;Norge;rate
Lonn;Lonn;Original;Lønn og inntekt;Årslønn, påløpt;SSB;https://data.ssb.no/api/v0/no/table/al/al05/lonnansatt/SBMENU7201/NRArslonnSnitt;9786;1000 kroner;Årlig;1970;;get_lonn;Gjennomsnitt for alle lønnstakere;Norge;nivå
Lonnvekst;Lonnvekst;Original;Lønn og inntekt;Årslønn, påløpt. Endring fra året før;SSB;https://data.ssb.no/api/v0/no/table/al/al05/lonnansatt/SBMENU7201/NRArslonnSnitt;9786;Prosent;Årlig;1971;;get_lonn;Direkte fra SSB-tabell;Norge;rate
Befolkningsvekst;Befolkningsvekst;Beregnet;Demografi;Årlig vekst i befolkningen;Beregnet;;Befolkning;Prosent;Årlig;1736;;create_derived_variables;Beregnet som (Befolkning / lag(Befolkning) - 1) * 100;Norge;rate
Reallonnsvekst;Reallonnsvekst;Beregnet;Lønn og inntekt;Lønnsvekst minus inflasjon;Beregnet;;Lonnvekst og Inflasjon;Prosent;Årlig;1971;;create_derived_variables;Beregnet som Lonnvekst - Inflasjon;Norge;rate
Arbeidsstyrkeandel;Arbeidsstyrkeandel;Beregnet;Arbeidsmarked;Personer i arbeidsstyrken som andel av befolkningen 15–74 år;SSB AKU;;3780;Prosent;Årlig;1972;;get_arbeidsstyrke;AKU 15–74 år. Totalandel beregnet fra kjønnsspesifikke antall og prosentverdier i tabell 03780.;Norge;rate
Boligprisindeks;Boligprisindeks;Original;Boligmarked;Prisindeks for brukte boliger, hele landet, alle boligtyper (2015=100);SSB;https://data.ssb.no/api/v0/no/table/pp/pp01/bpi/SBMENU7481/NyBoligindeks3;7230;Indeks (2015=100);Årlig;1992;;get_boligpriser;Hele landet, alle boligtyper;Norge;indeks
Boligprisvekst;Boligprisvekst;Beregnet;Boligmarked;Årlig prosentvis vekst i boligprisindeksen;Beregnet;;Boligprisindeks;Prosent;Årlig;1993;;get_boligpriser;Beregnet som (Boligprisindeks / lag(Boligprisindeks) - 1) * 100;Norge;rate
Oljepris_USD;Oljepris USD;Original;Energi og råvarer;Brent Blend spotpris, Årsgjennomsnitt;FRED;https://fred.stlouisfed.org/series/DCOILBRENTEU;DCOILBRENTEU;USD per fat;Årlig;1987;;get_oljepris;Årsgjennomsnitt av daglige Brent-observasjoner;Norge;nivå
Oljeprisvekst;Oljeprisvekst;Beregnet;Energi og råvarer;Årlig prosentvis vekst i Brent oljepris;Beregnet;;Oljepris_USD;Prosent;Årlig;1988;;get_oljepris;Beregnet som (Oljepris_USD / lag(Oljepris_USD) - 1) * 100;Norge;rate
Valutakurs_I44;Valutakurs I44;Original;Finansmarkeder;Importveid kronekursindeks I-44;Norges Bank;https://data.norges-bank.no/api/data/EXR/A.I44.NOK.SP?format=csv&lastNObservations=100&locale=no;EXR/A.I44.NOK.SP;Indeks;Årlig;1990;;get_valutakurs;Høyere verdi betyr svakere krone;Norge;indeks
Valutakurs_I44_vekst;Valutakurs I44 vekst;Beregnet;Finansmarkeder;Årlig prosentvis vekst i importveid kronekursindeks I-44;Beregnet;;Valutakurs_I44;Prosent;Årlig;1991;;get_valutakurs;Beregnet som (Valutakurs_I44 / lag(Valutakurs_I44) - 1) * 100. Positiv verdi betyr svakere krone;Norge;rate
Eksport;Eksport;Original;Utenriksøkonomi;Eksport i alt, faste 2023-priser;SSB;https://data.ssb.no/api/v0/no/table/nk/nk03/knr/SBMENU5140/NRMakroHov;9189;Millioner kroner, faste 2023-priser;Årlig;1970;;get_utenrikshandel;Makrost = eks.nrtot, ContentsCode = Faste;Norge;nivå
Import;Import;Original;Utenriksøkonomi;Import i alt, faste 2023-priser;SSB;https://data.ssb.no/api/v0/no/table/nk/nk03/knr/SBMENU5140/NRMakroHov;9189;Millioner kroner, faste 2023-priser;Årlig;1970;;get_utenrikshandel;Makrost = imp.nrtot, ContentsCode = Faste;Norge;nivå
Eksportvekst;Eksportvekst;Beregnet;Utenriksøkonomi;Årlig prosentvis vekst i eksport;Beregnet;;Eksport;Prosent;Årlig;1971;;get_utenrikshandel;Beregnet som (Eksport / lag(Eksport) - 1) * 100;Norge;rate
Importvekst;Importvekst;Beregnet;Utenriksøkonomi;Årlig prosentvis vekst i import;Beregnet;;Import;Prosent;Årlig;1971;;get_utenrikshandel;Beregnet som (Import / lag(Import) - 1) * 100;Norge;rate
OSEAX;OSEAX;Original;Finansmarkeder;Oslo Stock Exchange All-Share Index (Årsgjennomsnitt);Yahoo Finance;https://finance.yahoo.com/quote/%5EOSEAX/;^OSEAX;Indeks;Årlig;2013;;get_oseax;Årsgjennomsnitt av daglige observasjoner;Norge;indeks
OSEAX_vekst;OSEAX vekst;Beregnet;Finansmarkeder;Årlig prosentvis vekst i OSEAX;Beregnet;;OSEAX;Prosent;Årlig;2014;;get_oseax;Beregnet som (OSEAX / lag(OSEAX) - 1) * 100;Norge;rate
Strompris;Strompris;Original;Energi og råvarer;Kraft og nett i alt inklusive avgifter for husholdninger;SSB;https://data.ssb.no/api/v0/no/table/ei/ei01/elkraftpris/SBMENU4023/KraftPrisNettLeiAar;9007;Cre per kWh;Årlig;2012;;get_strompris;Kraft og nett i alt inkl. avgifter;Norge;nivå
Stromprisvekst;Stromprisvekst;Beregnet;Energi og råvarer;Årlig prosentvis vekst i strømpris;Beregnet;;Strompris;Prosent;Årlig;2013;;get_strompris;Beregnet som (Strompris / lag(Strompris) - 1) * 100;Norge;rate
Offentlig_gjeld;Offentlig gjeld;Original;Offentlige finanser;Offentlig forvaltnings gjeld i alt;SSB;https://data.ssb.no/api/v0/no/table/os/os04/offogjeld/SBMENU5263/FinansUnder;7511;Millioner kroner;Årlig;1995;;get_offentlig_finans;Sektor = Offentlig forvaltning, FinansObjekt = GJELD I ALT;Norge;nivå
Offentlig_nettofordringer;Offentlig nettofordringer;Original;Offentlige finanser;Offentlig forvaltnings nettofordringer;SSB;https://data.ssb.no/api/v0/no/table/os/os04/offogjeld/SBMENU5263/FinansUnder;7511;Millioner kroner;Årlig;1995;;get_offentlig_finans;Sektor = Offentlig forvaltning, FinansObjekt = Nettofordringer;Norge;nivå
Offentlig_gjeld_andel_BNP;Offentlig gjeld andel BNP;Beregnet;Offentlige finanser;Offentlig gjeld som andel av BNP;Beregnet;;Offentlig_gjeld og BNP_lopende;Prosent;Årlig;1995;;create_derived_variables;Beregnet som Offentlig_gjeld / BNP_lopende * 100;Norge;rate
Offentlig_nettofordringer_andel_BNP;Offentlig nettofordringer andel BNP;Beregnet;Offentlige finanser;Offentlige nettofordringer som andel av BNP;Beregnet;;Offentlig_nettofordringer og BNP_lopende;Prosent;Årlig;1995;;create_derived_variables;Beregnet som Offentlig_nettofordringer / BNP_lopende * 100;Norge;rate
Offentlige_utgifter;Offentlige utgifter;Original;Offentlige finanser;Offentlig forvaltnings totale utgifter;SSB;https://data.ssb.no/api/v0/no/table/os/os02/offinnut/SBMENU4642/OffInnUt21;14668;Millioner kroner;Årlig;1995;;get_offentlige_utgifter;Art = Totale utgifter (B+D), Sektor = Offentlig forvaltning;Norge;nivå
Statlige_utgifter;Statlige utgifter;Original;Offentlige finanser;Statsforvaltningens totale utgifter;SSB;https://data.ssb.no/api/v0/no/table/os/os02/offinnut/SBMENU4642/OffInnUt21;14668;Millioner kroner;Årlig;1995;;get_offentlige_utgifter;Art = Totale utgifter (B+D), Sektor = Statsforvaltningen;Norge;nivå
Kommunale_utgifter;Kommunale utgifter;Original;Offentlige finanser;Kommuneforvaltningens totale utgifter;SSB;https://data.ssb.no/api/v0/no/table/os/os02/offinnut/SBMENU4642/OffInnUt21;14668;Millioner kroner;Årlig;1995;;get_offentlige_utgifter;Art = Totale utgifter (B+D), Sektor = Kommuneforvaltningen;Norge;nivå
Kommunal_utgiftsandel;Kommunal utgiftsandel;Beregnet;Offentlige finanser;Kommunale utgifter som andel av offentlige utgifter;Beregnet;;Kommunale_utgifter og Offentlige_utgifter;Prosent;Årlig;1995;;create_derived_variables;Beregnet som Kommunale_utgifter / Offentlige_utgifter * 100;Norge;rate
Statlig_utgiftsandel;Statlig utgiftsandel;Beregnet;Offentlige finanser;Statlige utgifter som andel av offentlige utgifter;Beregnet;;Statlige_utgifter og Offentlige_utgifter;Prosent;Årlig;1995;;create_derived_variables;Beregnet som Statlige_utgifter / Offentlige_utgifter * 100;Norge;rate
Kreditt_K2;Kreditt K2;Original;Kreditt og husholdninger;Innenlandsk lånegjeld til publikum, Årsgjennomsnitt;SSB;https://data.ssb.no/api/v0/no/table/bf/bf02/kredind/InnLandGjeldNY;6718;Millioner kroner;Årlig;1987;;get_kreditt;Valuta = I alt, låntakersektor = Publikum, kredittkilde = alle långivere. Årsgjennomsnitt av månedstall;Norge;nivå
Kredittvekst_K2;Kredittvekst K2;Beregnet;Kreditt og husholdninger;Årlig prosentvis vekst i innenlandsk lånegjeld til publikum;Beregnet;;Kreditt_K2;Prosent;Årlig;1988;;get_kreditt;Beregnet som (Kreditt_K2 / lag(Kreditt_K2) - 1) * 100;Norge;rate
Boliginvesteringer;Boliginvesteringer;Original;Boligmarked;Boliginvesteringer i husholdninger, faste 2023-priser;SSB;https://data.ssb.no/api/v0/no/table/nk/nk03/knr/SBMENU5140/NRMakroHov;9189;Millioner kroner (2023-priser);Årlig;1970;;get_boliginvesteringer;Boliger (husholdninger), bruttoinvestering i fast realkapital;Norge;nivå
Boliginvesteringer_vekst;Boliginvesteringer vekst;Beregnet;Boligmarked;Årlig vekst i boliginvesteringer;Beregnet;;Boliginvesteringer;Prosent;Årlig;1971;;get_boliginvesteringer;Beregnet som (Boliginvesteringer / lag(Boliginvesteringer) - 1) * 100;Norge;rate
Boliginvesteringer_andel_BNP;Boliginvesteringer andel BNP;Beregnet;Boligmarked;Boliginvesteringer som andel av BNP Fastlands-Norge;Beregnet;;Boliginvesteringer og BNP_Fastland;Prosent;Årlig;1970;;create_derived_variables;Beregnet som Boliginvesteringer / BNP_Fastland * 100;Norge;rate
Husholdningsgjeldsrate;Husholdningsgjeldsrate;Original;Kreditt og husholdninger;Husholdningenes gjeldsrate;SSB;https://data.ssb.no/api/v0/no/table/nk/nk01/finsek/div_finsek_mappe/FinansSektReg9;9477;Prosent;Årlig;1996;;get_husholdningsgjeld;Ujustert. Årsgjennomsnitt av kvartalstall;Norge;rate
Husholdningsfordringsrate;Husholdningsfordringsrate;Original;Kreditt og husholdninger;Husholdningenes fordringsrate;SSB;https://data.ssb.no/api/v0/no/table/nk/nk01/finsek/div_finsek_mappe/FinansSektReg9;9477;Prosent;Årlig;1996;;get_husholdningsgjeld;Ujustert. Årsgjennomsnitt av kvartalstall;Norge;rate
Husholdningsnettofordringsrate;Husholdningsnettofordringsrate;Original;Kreditt og husholdninger;Husholdningenes nettofordringsrate;SSB;https://data.ssb.no/api/v0/no/table/nk/nk01/finsek/div_finsek_mappe/FinansSektReg9;9477;Prosent;Årlig;1996;;get_husholdningsgjeld;Ujustert. Årsgjennomsnitt av kvartalstall;Norge;rate
Husholdningsgjeldsvekst;Husholdningsgjeldsvekst;Original;Kreditt og husholdninger;Husholdningenes gjeldsvekst;SSB;https://data.ssb.no/api/v0/no/table/nk/nk01/finsek/div_finsek_mappe/FinansSektReg9;9477;Prosent;Årlig;1996;;get_husholdningsgjeld;Ujustert. Årsgjennomsnitt av kvartalstall;Norge;rate
BNP_Fastland_per_innbygger;BNP Fastland per innbygger;Beregnet;Nasjonalregnskap;BNP Fastlands-Norge per innbygger;Beregnet;;BNP_Fastland og Befolkning;1000 kroner per innbygger;Årlig;1970;;create_derived_variables;Beregnet som BNP_Fastland / Befolkning;Norge;nivå
BNP_Fastland_per_innbygger_vekst;BNP Fastland per innbygger vekst;Beregnet;Nasjonalregnskap;Årlig vekst i BNP Fastlands-Norge per innbygger;Beregnet;;BNP_Fastland_per_innbygger;Prosent;Årlig;1971;;create_derived_variables;Beregnet som (BNP_Fastland_per_innbygger / lag(BNP_Fastland_per_innbygger) - 1) * 100;Norge;rate
BNP_lopende_per_innbygger;BNP lopende per innbygger;Beregnet;Nasjonalregnskap;BNP i løpende priser per innbygger;Beregnet;;BNP_lopende og Befolkning;1000 kroner per innbygger;Årlig;1970;;create_derived_variables;Beregnet som BNP_lopende / Befolkning;Norge;nivå
Arbeidsproduktivitet;Arbeidsproduktivitet;Beregnet;Nasjonalregnskap;BNP Fastlands-Norge per sysselsatt;Beregnet;;BNP_Fastland og Sysselsatte;Millioner kroner per sysselsatt;Årlig;1972;;create_derived_variables;Beregnet som BNP_Fastland / Sysselsatte;Norge;nivå
Produktivitetsvekst;Produktivitetsvekst;Beregnet;Nasjonalregnskap;Årlig vekst i arbeidsproduktivitet;Beregnet;;Arbeidsproduktivitet;Prosent;Årlig;1973;;create_derived_variables;Beregnet som (Arbeidsproduktivitet / lag(Arbeidsproduktivitet) - 1) * 100;Norge;rate
Offentlige_investeringer;Offentlige investeringer;Original;Offentlige finanser;Bruttoinvesteringer i offentlig forvaltning;SSB;https://data.ssb.no/api/v0/no/table/nk/nk03/knr/SBMENU5140/NRMakroHov;Makrost=bif.nr83_6;Millioner kroner (faste 2023-priser);Årlig;1970;2025;get_offentlige_investeringer;Bruttoinvesteringer i offentlig forvaltning i faste 2023-priser;Norge;nivå
Offentlige_investeringer_vekst;Offentlige investeringer vekst;Beregnet;Offentlige finanser;Årlig vekst i offentlige investeringer;Beregnet;;Offentlige_investeringer;Prosent;Årlig;1971;;get_offentlige_investeringer;Beregnet som (Offentlige_investeringer / lag(Offentlige_investeringer) - 1) * 100;Norge;rate
Offentlige_investeringer_andel_BNP;Offentlige investeringer andel BNP;Beregnet;Offentlige finanser;Offentlige investeringer som andel av BNP Fastlands-Norge;Beregnet;;Offentlige_investeringer og BNP_Fastland;Prosent;Årlig;1970;;create_derived_variables;Beregnet som Offentlige_investeringer / BNP_Fastland * 100;Norge;rate
Privat_konsum;Privat konsum;Original;Husholdningsøkonomi;Konsum i husholdninger, faste 2023-priser;SSB;https://data.ssb.no/api/v0/no/table/nk/nk03/knr/SBMENU5140/NRMakroHov;9189;Millioner kroner, faste 2023-priser;Årlig;1970;;get_konsum;Makrost = koh.nr61_, ContentsCode = Faste;Norge;nivå
Offentlig_konsum;Offentlig konsum;Original;Offentlige finanser;Konsum i offentlig forvaltning, faste 2023-priser;SSB;https://data.ssb.no/api/v0/no/table/nk/nk03/knr/SBMENU5140/NRMakroHov;9189;Millioner kroner, faste 2023-priser;Årlig;1970;;get_konsum;Makrost = koo.nroff, ContentsCode = Faste;Norge;nivå
Privat_konsum_vekst;Privat konsum vekst;Beregnet;Husholdningsøkonomi;Årlig prosentvis vekst i privat konsum;Beregnet;;Privat_konsum;Prosent;Årlig;1971;;get_konsum;Beregnet som (Privat_konsum / lag(Privat_konsum) - 1) * 100;Norge;rate
Offentlig_konsum_vekst;Offentlig konsum vekst;Beregnet;Offentlige finanser;Årlig prosentvis vekst i offentlig konsum;Beregnet;;Offentlig_konsum;Prosent;Årlig;1971;;get_konsum;Beregnet som (Offentlig_konsum / lag(Offentlig_konsum) - 1) * 100;Norge;rate
Privat_konsum_andel_BNP;Privat konsum andel BNP;Beregnet;Husholdningsøkonomi;Privat konsum som andel av BNP Fastlands-Norge;Beregnet;;Privat_konsum og BNP_Fastland;Prosent;Årlig;1970;;create_derived_variables;Beregnet som Privat_konsum / BNP_Fastland * 100;Norge;rate
Offentlig_konsum_andel_BNP;Offentlig konsum andel BNP;Beregnet;Offentlige finanser;Offentlig konsum som andel av BNP Fastlands-Norge;Beregnet;;Offentlig_konsum og BNP_Fastland;Prosent;Årlig;1970;;create_derived_variables;Beregnet som Offentlig_konsum / BNP_Fastland * 100;Norge;rate
Disponibel_inntekt_husholdninger;Disponibel inntekt husholdninger;Original;Lønn og inntekt;Husholdningenes disponible inntekt;SSB;https://data.ssb.no/api/v0/no/table/nk/nk03/knri/NRI;10799;Millioner kroner, løpende priser;Årlig;1978;;get_disponibel_inntekt;Sektor = Husholdninger, Transaksjon = Disponibel inntekt;Norge;nivå
Husholdningssparing;Husholdningssparing;Original;Husholdningsøkonomi;Husholdningenes sparing;SSB;https://data.ssb.no/api/v0/no/table/nk/nk03/knri/NRI;10799;Millioner kroner, løpende priser;Årlig;1978;;get_sparing;Sektor = Husholdninger, Transaksjon = Sparing;Norge;nivå
Husholdningssparing_vekst;Husholdningssparing vekst;Beregnet;Husholdningsøkonomi;Årlig prosentvis vekst i husholdningenes sparing;Beregnet;;Husholdningssparing;Prosent;Årlig;1979;;get_sparing;Beregnet som (Husholdningssparing / lag(Husholdningssparing) - 1) * 100;Norge;rate
Husholdningssparing_andel_disponibel_inntekt;Husholdningssparing andel disponibel inntekt;Beregnet;Husholdningsøkonomi;Husholdningenes sparing som andel av disponibel inntekt;Beregnet;;Husholdningssparing og Disponibel_inntekt_husholdninger;Prosent;Årlig;1978;;create_derived_variables;Beregnet som Husholdningssparing / Disponibel_inntekt_husholdninger * 100;Norge;rate
Handelsbalanse;Handelsbalanse;Beregnet;Utenriksøkonomi;Eksport minus import, faste 2023-priser;Beregnet;;Eksport og Import;Millioner kroner, faste 2023-priser;Årlig;1970;;create_derived_variables;Beregnet som Eksport - Import;Norge;nivå
Handelsbalanse_andel_BNP;Handelsbalanse andel BNP;Beregnet;Utenriksøkonomi;Handelsbalanse som andel av BNP Fastlands-Norge;Beregnet;;Handelsbalanse og BNP_Fastland;Prosent;Årlig;1970;;create_derived_variables;Beregnet som Handelsbalanse / BNP_Fastland * 100;Norge;rate
Eksportandel_BNP;Eksportandel BNP;Beregnet;Utenriksøkonomi;Eksport som andel av BNP Fastlands-Norge;Beregnet;;Eksport og BNP_Fastland;Prosent;Årlig;1970;;create_derived_variables;Beregnet som Eksport / BNP_Fastland * 100;Norge;rate
Importandel_BNP;Importandel BNP;Beregnet;Utenriksøkonomi;Import som andel av BNP Fastlands-Norge;Beregnet;;Import og BNP_Fastland;Prosent;Årlig;1970;;create_derived_variables;Beregnet som Import / BNP_Fastland * 100;Norge;rate
Fastlandsinvesteringer;Fastlandsinvesteringer;Original;Nasjonalregnskap;Bruttoinvestering i fast realkapital i Fastlands-Norge, faste 2023-priser;SSB;https://www.ssb.no/statbank/table/09181;NRInvestKapital;Millioner kroner, faste 2023-priser;Årlig;1970;;get_fastlandsinvesteringer;NACE = nr23_6fn, ContentsCode = BIF2;Norge;nivå
Fastlandsinvesteringer_vekst;Fastlandsinvesteringer vekst;Beregnet;Nasjonalregnskap;Årlig prosentvis vekst i fastlandsinvesteringer;Beregnet;;Fastlandsinvesteringer;Prosent;Årlig;1971;;get_fastlandsinvesteringer;Beregnet fra Fastlandsinvesteringer;Norge;rate
Fastlandsinvesteringer_andel_BNP;Fastlandsinvesteringer andel BNP;Beregnet;Nasjonalregnskap;Fastlandsinvesteringer som andel av BNP Fastlands-Norge;Beregnet;;BNP_Fastland;Prosent;Årlig;1970;;create_derived_variables;Fastlandsinvesteringer / BNP_Fastland * 100;Norge;rate
Industriproduksjon;Industriproduksjon;Original;Produksjon og aktivitet;Produksjonsindeks for industrien (2021=100);SSB;https://data.ssb.no/api/v0/no/table/08297;8297;Indeks (2021=100);Årlig;1990;;get_industriproduksjon;PKoder = P105, ContentsCode = ProdInd;Norge;indeks
Industriproduksjon_vekst;Industriproduksjon vekst;Beregnet;Produksjon og aktivitet;Årlig prosentvis vekst i industriproduksjonen;Beregnet;;Industriproduksjon;Prosent;Årlig;1991;;get_industriproduksjon;Beregnet som (Industriproduksjon / lag(Industriproduksjon) - 1) * 100;Norge;rate
Byggeaktivitet;Byggeaktivitet;Original;Produksjon og aktivitet;Produksjonsindeks for bygge- og anleggsvirksomhet (2021=100);SSB;https://data.ssb.no/api/v0/no/table/13431;13431;Indeks (2021=100);Årlig;2005;;get_byggeaktivitet;NACE = F, ContentsCode = Produksjonsindeks;Norge;indeks
Byggeaktivitet_vekst;Byggeaktivitet vekst;Beregnet;Produksjon og aktivitet;Årlig prosentvis vekst i bygge- og anleggsaktiviteten;Beregnet;;Byggeaktivitet;Prosent;Årlig;2006;;get_byggeaktivitet;Beregnet som (Byggeaktivitet / lag(Byggeaktivitet) - 1) * 100;Norge;rate
Detaljhandel;Detaljhandel;Original;Produksjon og aktivitet;Volumindeks for detaljhandel, unntatt salg av motorvogner (2021=100);SSB;https://data.ssb.no/api/v0/no/table/09296;9296;Indeks (2021=100);Årlig;2000;;get_detaljhandel;NACE2007 = 47, ContentsCode = VolumUjustert;Norge;indeks
Detaljhandel_vekst;Detaljhandel vekst;Beregnet;Produksjon og aktivitet;Årlig prosentvis vekst i detaljhandelens volum;Beregnet;;Detaljhandel;Prosent;Årlig;2001;;get_detaljhandel;Beregnet som (Detaljhandel / lag(Detaljhandel) - 1) * 100;Norge;rate
Kapasitetsutnytting;Kapasitetsutnytting;Original;Konjunkturindikatorer;Kapasitetsutnyttingsgrad i industrien, veid gjennomsnitt;SSB;https://data.ssb.no/api/v0/no/table/nk/nk02/kbar/KBarAvledIndik;8267;Prosent;Årlig;1990;;get_kapasitetsutnytting;Årsgjennomsnitt av sesongjusterte kvartalsdata. PKoder = P105, ContentsCode = Kapasitetsutnyt;Norge;rate
Konjunkturindikator;Konjunkturindikator;Original;Konjunkturindikatorer;Sammensatt konjunkturindikator for industrien;SSB;https://data.ssb.no/api/v0/no/table/08267;8267;Indeks;Årlig;1990;;get_konjunkturindikator;Årsgjennomsnitt av sesongjusterte kvartalsdata. PKoder = P105, ContentsCode = SammensattKonj;Norge;indeks
Ressursknapphet;Ressursknapphet;Original;Konjunkturindikatorer;Indikator på ressursknapphet i industrien;SSB;https://data.ssb.no/api/v0/no/table/08267;8267;Indeks;Årlig;1990;;get_ressursknapphet;Årsgjennomsnitt av sesongjusterte kvartalsdata. PKoder = P105, ContentsCode = RessursKnapphet;Norge;indeks
Ordrebeholdning;Ordrebeholdning;Original;Konjunkturindikatorer;Antall arbeidsmåneder dekket ved ordrebeholdningen i industrien, veid gjennomsnitt;SSB;https://data.ssb.no/api/v0/no/table/08267;8267;Antall måneder;Årlig;1990;;get_ordrebeholdning;Årsgjennomsnitt av sesongjusterte kvartalsdata. PKoder = P105, ContentsCode = AntArbeidMnd;Norge;nivå
Pengemarkedsrente_3mnd;Pengemarkedsrente 3mnd;Original;Finansmarkeder;3-måneders NIBOR, Årsgjennomsnitt;SSB;https://data.ssb.no/api/v0/no/table/10701;10701;Prosent;Årlig;2013;;get_pengemarkedsrente;Årsgjennomsnitt av månedlige data. RenterNbNibor = 01, ContentsCode = Renter;Norge;rate
Statsrente_10aar;Statsrente 10aar;Original;Finansmarkeder;10-årig norsk statsobligasjonsrente;Norges Bank;https://data.norges-bank.no/api/data/GOVT_GENERIC_RATES/A.10Y.GBON.?format=csv&lastNObservations=100&locale=no&bom=include;GOVT_GENERIC_RATES;Prosent;Årlig;;;get_statsrente;Serie: A.10Y.GBON;Norge;rate
Rentekurve;Rentekurve;Beregnet;Finansmarkeder;Differanse mellom 10-årig statsrente og styringsrente;Beregnet;;Statsrente_10aar og Styringsrente;Prosentpoeng;Årlig;;;create_derived_variables;Beregnet som Statsrente_10aar - Styringsrente;Norge;rate
Tjenesteproduksjon;Tjenesteproduksjon;Original;Produksjon og aktivitet;Kalenderjustert produksjonsindeks for markedsrettede tjenester;SSB;https://data.ssb.no/api/v0/no/table/14471;14471;Indeks (2021=100);Årlig;2019;;get_tjenesteproduksjon;Årsgjennomsnitt av månedlige kalenderjusterte data. NACE = H-J+M-N, ContentsCode = ProdIndKalJus;Norge;indeks
Tjenesteproduksjon_vekst;Tjenesteproduksjon vekst;Beregnet;Produksjon og aktivitet;Årlig prosentvis vekst i tjenesteproduksjon;Beregnet;;Tjenesteproduksjon;Prosent;Årlig;2020;;get_tjenesteproduksjon;Beregnet fra Tjenesteproduksjon;Norge;rate
HICP;Harmonisert konsumprisindeks;Original;Priser og inflasjon;Harmonisert konsumprisindeks for alle varer og tjenester.;Eurostat;https://ec.europa.eu/eurostat/databrowser/view/prc_hicp_aind/default/table?lang=en;prc_hicp_aind;Indeks (2015=100);Årlig;1996;2025;get_hicp;HICP, totalindeks. unit = INX_A_AVG, coicop = CP00.;Internasjonal;indeks
Befolkning;Befolkning;Original;Demografi;Befolkning 1. januar;Eurostat;https://ec.europa.eu/eurostat/databrowser/view/demo_pjan/default/table?lang=en;demo_pjan;Personer;Årlig;1960;2025;get_population;Befolkning 1. januar. sex = T, age = TOTAL.;Internasjonal;nivå
Arbeidsledighetsrate;Arbeidsledighetsrate;Original;Arbeidsmarked;Arbeidsledige som andel av arbeidsstyrken, 15–74 år;Eurostat;https://ec.europa.eu/eurostat/databrowser/view/une_rt_a/default/table?lang=en;une_rt_a;Prosent;Årlig;2003;2025;get_unemployment;Arbeidsledige som andel av arbeidsstyrken. sex = T, age = Y15-74, unit = PC_ACT.;Internasjonal;rate
BNP_lopende;BNP løpende;Original;Nasjonalregnskap;Bruttonasjonalprodukt, markedsverdi, løpende priser;SSB;https://ec.europa.eu/eurostat/databrowser/view/nama_10_gdp/default/table?lang=en;NRMakroHov;Millioner kroner;Årlig;1975;2025;get_bnp_lopende;Makrost = bnpb.nr23_9, ContentsCode = Priser.;Internasjonal;nivå
BNP_faste_priser;BNP faste priser;Original;Nasjonalregnskap;Bruttonasjonalprodukt i kjedevolum med referanseår 2020.;Eurostat;https://ec.europa.eu/eurostat/databrowser/view/nama_10_gdp/default/table?lang=en;nama_10_gdp;Millioner euro, kjedevolum med referanseer 2020;Årlig;1975;2025;get_gdp_constant;BNP i faste priser. unit = CLV20_MEUR, na_item = B1G.;Internasjonal;nivå
Industriproduksjon;Industriproduksjon;Original;Produksjon og aktivitet;Produksjonsindeks for industrien (2021=100);Eurostat;https://ec.europa.eu/eurostat/databrowser/view/sts_inpr_a/default/table?lang=en;sts_inpr_a;Indeks (2015=100);Årlig;1990;2023;get_industrial_production;Industriproduksjon, kalenderjustert. indic_bt = PRD, nace_r2 = C, s_adj = CA, unit = I15.;Internasjonal;indeks
Sysselsatte;Sysselsatte;Original;Arbeidsmarked;Sysselsatte personer etter nasjonalregnskapets innenlandske konsept;Eurostat;https://ec.europa.eu/eurostat/databrowser/view/nama_10_pe/default/table?lang=en;nama_10_pe;Personer;Årlig;1975;2025;get_employment;Sysselsetting etter innenlandsk konsept. unit = THS_PER, na_item = EMP_DC. Multiplisert med 1000.;Internasjonal;nivå
Arbeidsstyrke;Arbeidsstyrke;Original;Arbeidsmarked;Personer i arbeidsstyrken, 15–64 år;Eurostat;https://ec.europa.eu/eurostat/databrowser/view/lfsi_emp_a/default/table?lang=en;lfsi_emp_a;Personer;Årlig;2003;2025;get_labour_force;Arbeidsstyrke 15–64 år. indic_em = ACT, sex = T, age = Y15-64, unit = THS_PER. Multiplisert med 1000.;Internasjonal;nivå
Offentlig_gjeld_andel_BNP;Offentlig gjeld som andel av BNP;Beregnet;Offentlige finanser;Offentlig gjeld som andel av BNP;Eurostat;https://ec.europa.eu/eurostat/databrowser/view/gov_10dd_edpt1/default/table?lang=en;gov_10dd_edpt1;Prosent av BNP;Årlig;1995;2025;get_government_debt;Offentlig bruttogjeld etter Maastricht-definisjonen. unit = PC_GDP, sector = S13, na_item = GD.;Internasjonal;rate
Boligprisindeks;Boligprisindeks;Original;Boligmarked;Prisindeks for brukte boliger, hele landet, alle boligtyper (2015=100);Eurostat;https://ec.europa.eu/eurostat/databrowser/view/prc_hpi_a/default/table?lang=en;prc_hpi_a;Indeks (2015=100);Årlig;2005;2025;get_house_price_index;Samlet boligprisindeks. purchase = TOTAL, unit = I15_A_AVG.;Internasjonal;indeks
Detaljhandel;Detaljhandel;Original;Produksjon og aktivitet;Volumindeks for detaljhandel, unntatt salg av motorvogner (2021=100);Eurostat;https://ec.europa.eu/eurostat/databrowser/view/sts_trtu_a/default/table?lang=en;sts_trtu_a;Indeks (2015=100);Årlig;1991;2023;get_retail_trade;Salgsvolum i detaljhandel. indic_bt = VOL_SLS, nace_r2 = G47, s_adj = CA, unit = I15.;Internasjonal;indeks
Eksport;Eksport;Original;Utenriksøkonomi;Eksport i alt, faste 2023-priser;Eurostat;https://ec.europa.eu/eurostat/databrowser/view/nama_10_gdp/default/table?lang=en;nama_10_gdp;Millioner euro, kjedevolum med referanseer 2020;Årlig;1975;2025;get_exports;Eksport av varer og tjenester. unit = CLV20_MEUR, na_item = P6.;Internasjonal;nivå
Import;Import;Original;Utenriksøkonomi;Import i alt, faste 2023-priser;Eurostat;https://ec.europa.eu/eurostat/databrowser/view/nama_10_gdp/default/table?lang=en;nama_10_gdp;Millioner euro, kjedevolum med referanseer 2020;Årlig;1975;2025;get_imports;Import av varer og tjenester. unit = CLV20_MEUR, na_item = P7.;Internasjonal;nivå
Privat_konsum;Privat konsum;Original;Husholdningsøkonomi;Konsum i husholdninger, faste 2023-priser;Eurostat;https://ec.europa.eu/eurostat/databrowser/view/nama_10_gdp/default/table?lang=en;nama_10_gdp;Millioner euro, kjedevolum med referanseer 2020;Årlig;1975;2025;get_private_consumption;Konsum i husholdninger og ideelle organisasjoner. unit = CLV20_MEUR, na_item = P31_S14_S15.;Internasjonal;nivå
Offentlig_konsum;Offentlig konsum;Original;Offentlige finanser;Konsum i offentlig forvaltning, faste 2023-priser;Eurostat;https://ec.europa.eu/eurostat/databrowser/view/nama_10_gdp/default/table?lang=en;nama_10_gdp;Millioner euro, kjedevolum med referanseer 2020;Årlig;1975;2025;get_public_consumption;Konsum i offentlig forvaltning. unit = CLV20_MEUR, na_item = P3_S13.;Internasjonal;nivå
Investeringer;Investeringer;Original;Nasjonalregnskap;Bruttoinvesteringer i fast realkapital i kjedevolum.;Eurostat;https://ec.europa.eu/eurostat/databrowser/view/nama_10_gdp/default/table?lang=en;nama_10_gdp;Millioner euro, kjedevolum med referanseer 2020;Årlig;1975;2025;get_investment;Bruttoinvesteringer i fast realkapital. unit = CLV20_MEUR, na_item = P51G.;Internasjonal;nivå
Statsrente_10aar;Statsrente 10 år;Original;Finansmarkeder;10-årig norsk statsobligasjonsrente;Eurostat;https://ec.europa.eu/eurostat/databrowser/view/irt_lt_mcby_a/default/table?lang=en;irt_lt_mcby_a;Prosent;Årlig;1967;2025;get_long_interest_rate;Årlig Maastricht-kriterierente for langsiktige statsobligasjoner.;Internasjonal;rate
Inflasjon;Inflasjon;Beregnet;Priser og inflasjon;Årsvekst i KPI;Beregnet;;HICP;Prosent;Årlig;1997;2025;create_international_derived_variables;Beregnet med growth_rate(HICP, Aar).;Internasjonal;rate
Befolkningsvekst;Befolkningsvekst;Beregnet;Demografi;Årlig vekst i befolkningen;Beregnet;;Befolkning;Prosent;Årlig;1961;2025;create_international_derived_variables;Beregnet med growth_rate(Befolkning, Aar).;Internasjonal;rate
BNP_lopende_per_innbygger;BNP løpende per innbygger;Beregnet;Nasjonalregnskap;BNP i løpende priser per innbygger;Beregnet;;BNP_lopende og Befolkning;Euro per innbygger;Årlig;1975;2025;create_international_derived_variables;Beregnet som BNP_lopende * 1e6 / Befolkning.;Internasjonal;nivå
BNP_vekst;BNP vekst;Beregnet;Nasjonalregnskap;Årlig prosentvis vekst i BNP i faste priser.;Beregnet;;BNP_faste_priser;Prosent;Årlig;1976;2025;create_international_derived_variables;Beregnet med growth_rate(BNP_faste_priser, Aar).;Internasjonal;rate
Industriproduksjon_vekst;Industriproduksjon vekst;Beregnet;Produksjon og aktivitet;Årlig prosentvis vekst i industriproduksjonen;Beregnet;;Industriproduksjon;Prosent;Årlig;1991;2023;create_international_derived_variables;Beregnet med growth_rate(Industriproduksjon, Aar).;Internasjonal;rate
Arbeidsproduktivitet;Arbeidsproduktivitet;Beregnet;Nasjonalregnskap;BNP i faste priser per sysselsatt;Beregnet;;BNP_faste_priser og Sysselsatte;Euro per sysselsatt;Årlig;1975;2025;create_international_derived_variables;Beregnet som BNP_faste_priser * 1e6 / Sysselsatte.;Internasjonal;nivå
Produktivitetsvekst;Produktivitetsvekst;Beregnet;Nasjonalregnskap;Årlig vekst i arbeidsproduktivitet;Beregnet;;Arbeidsproduktivitet;Prosent;Årlig;1976;2025;create_international_derived_variables;Beregnet med growth_rate(Arbeidsproduktivitet, Aar).;Internasjonal;rate
Arbeidsstyrkeandel;Arbeidsstyrkeandel;Original;Arbeidsmarked;Personer i arbeidsstyrken som andel av befolkningen 15–64 år;Eurostat;https://ec.europa.eu/eurostat/databrowser/view/lfsi_emp_a/default/table?lang=en;lfsi_emp_a;Prosent;Årlig;2003;2025;get_labour_force;Arbeidsstyrkeandel 15–64 år. indic_em = ACT, sex = T, age = Y15-64, unit = PC_POP.;Internasjonal;rate
Boligprisvekst;Boligprisvekst;Beregnet;Boligmarked;Årlig prosentvis vekst i boligprisindeksen;Beregnet;;Boligprisindeks;Prosent;Årlig;2006;2025;create_international_derived_variables;Beregnet med growth_rate(Boligprisindeks, Aar).;Internasjonal;rate
Detaljhandel_vekst;Detaljhandel vekst;Beregnet;Produksjon og aktivitet;Årlig prosentvis vekst i detaljhandelens volum;Beregnet;;Detaljhandel;Prosent;Årlig;1992;2023;create_international_derived_variables;Beregnet med growth_rate(Detaljhandel, Aar).;Internasjonal;rate
Handelsbalanse;Handelsbalanse;Beregnet;Utenriksøkonomi;Eksport minus import, faste 2023-priser;Beregnet;;Eksport og Import;Millioner euro, kjedevolum med referanseer 2020;Årlig;1975;2025;create_international_derived_variables;Beregnet som Eksport - Import.;Internasjonal;nivå
Eksportandel_BNP;Eksportandel BNP;Beregnet;Utenriksøkonomi;Eksport som andel av BNP Fastlands-Norge;Beregnet;;Eksport og BNP_faste_priser;Prosent;Årlig;1975;2025;create_international_derived_variables;Beregnet som Eksport / BNP_faste_priser * 100.;Internasjonal;rate
Importandel_BNP;Importandel BNP;Beregnet;Utenriksøkonomi;Import som andel av BNP Fastlands-Norge;Beregnet;;Import og BNP_faste_priser;Prosent;Årlig;1975;2025;create_international_derived_variables;Beregnet som Import / BNP_faste_priser * 100.;Internasjonal;rate
Handelsbalanse_andel_BNP;Handelsbalanse som andel av BNP;Beregnet;Utenriksøkonomi;Handelsbalanse som andel av BNP Fastlands-Norge;Beregnet;;Handelsbalanse og BNP_faste_priser;Prosent;Årlig;1975;2025;create_international_derived_variables;Beregnet som Handelsbalanse / BNP_faste_priser * 100.;Internasjonal;rate
Privat_konsum_vekst;Privat konsum vekst;Beregnet;Husholdningsøkonomi;Årlig prosentvis vekst i privat konsum;Beregnet;;Privat_konsum;Prosent;Årlig;1976;2025;create_international_derived_variables;Beregnet med growth_rate(Privat_konsum, Aar).;Internasjonal;rate
Offentlig_konsum_vekst;Offentlig konsum vekst;Beregnet;Offentlige finanser;Årlig prosentvis vekst i offentlig konsum;Beregnet;;Offentlig_konsum;Prosent;Årlig;1976;2025;create_international_derived_variables;Beregnet med growth_rate(Offentlig_konsum, Aar).;Internasjonal;rate
Privat_konsum_andel_BNP;Privat konsum som andel av BNP;Beregnet;Husholdningsøkonomi;Privat konsum som andel av BNP Fastlands-Norge;Beregnet;;Privat_konsum og BNP_faste_priser;Prosent;Årlig;1975;2025;create_international_derived_variables;Beregnet som Privat_konsum / BNP_faste_priser * 100.;Internasjonal;rate
Offentlig_konsum_andel_BNP;Offentlig konsum som andel av BNP;Beregnet;Offentlige finanser;Offentlig konsum som andel av BNP Fastlands-Norge;Beregnet;;Offentlig_konsum og BNP_faste_priser;Prosent;Årlig;1975;2025;create_international_derived_variables;Beregnet som Offentlig_konsum / BNP_faste_priser * 100.;Internasjonal;rate
Investeringsvekst;Investeringsvekst;Beregnet;Nasjonalregnskap;Årlig prosentvis vekst i bruttoinvesteringer i fast realkapital.;Beregnet;;Investeringer;Prosent;Årlig;1976;2025;create_international_derived_variables;Beregnet med growth_rate(Investeringer, Aar).;Internasjonal;rate
Investeringer_andel_BNP;Investeringer som andel av BNP;Beregnet;Nasjonalregnskap;Bruttoinvesteringer i fast realkapital som andel av BNP i faste priser.;Beregnet;;Investeringer og BNP_faste_priser;Prosent;Årlig;1975;2025;create_international_derived_variables;Beregnet som Investeringer / BNP_faste_priser * 100.;Internasjonal;rate
Offentlige_inntekter;Offentlige inntekter;Original;Offentlige finanser;Offentlig forvaltnings totale inntekter;SSB;https://www.ssb.no/statbank/table/14668;14668;Millioner kroner;Årlig;1995;;get_offentlige_utgifter;Art = A, sektor = Offentlig forvaltning.;Norge;nivå
Nettofinansinvestering;Nettofinansinvestering;Original;Offentlige finanser;Offentlig forvaltnings overskudd (nettofinansinvestering);SSB;https://www.ssb.no/statbank/table/14668;14668;Millioner kroner;Årlig;1995;;get_offentlige_utgifter;Art = F. Totale inntekter minus totale utgifter. Positiv verdi betyr overskudd.;Norge;nivå
Offentlige_inntekter_andel_BNP;Offentlige inntekter som andel av BNP;Beregnet;Offentlige finanser;Offentlig forvaltnings totale inntekter som andel av BNP;Beregnet;;Offentlige_inntekter og BNP_lopende;Prosent;Årlig;1995;;create_derived_variables;Beregnet som Offentlige_inntekter / BNP_lopende * 100.;Norge;rate
Offentlige_utgifter_andel_BNP;Offentlige utgifter som andel av BNP;Beregnet;Offentlige finanser;Offentlig forvaltnings totale utgifter som andel av BNP;Beregnet;;Offentlige_utgifter og BNP_lopende;Prosent;Årlig;1995;;create_derived_variables;Beregnet som Offentlige_utgifter / BNP_lopende * 100.;Norge;rate
Nettofinansinvestering_andel_BNP;Nettofinansinvestering som andel av BNP;Beregnet;Offentlige finanser;Offentlig forvaltnings nettofinansinvestering som andel av BNP;Beregnet;;Nettofinansinvestering og BNP_lopende;Prosent;Årlig;1995;;create_derived_variables;Beregnet som Nettofinansinvestering / BNP_lopende * 100. Positiv verdi betyr overskudd.;Norge;rate
Befolkning_15_74;Befolkning 15–74 år;Beregnet;Demografi;Befolkning 15–74 år beregnet fra AKU-grunnlaget;Beregnet;;3780;Personer;Årlig;1972;;get_arbeidsstyrke;Beregnet fra kjønnsspesifikke antall og arbeidsstyrkeandeler i AKU tabell 03780.;Norge;nivå
Sysselsettingsandel;Sysselsettingsandel;Beregnet;Arbeidsmarked;Sysselsatte som andel av befolkningen 15–74 år;SSB AKU;https://www.ssb.no/statbank/table/03781;3781;Prosent;Årlig;1972;;get_sysselsatte;AKU 15–74 år. Totalandel beregnet fra kjønnsspesifikke antall og prosentverdier i tabell 03781. 2006 Gml er utelatt.;Norge;rate
Arbeidsledige_AKU;Arbeidsledige AKU;Beregnet;Arbeidsmarked;Arbeidsledige personer etter AKU-definisjon, 15–74 år;Beregnet;;Arbeidsstyrke og Sysselsatte;Personer;Årlig;1972;;create_derived_variables;Beregnet som Arbeidsstyrke - Sysselsatte.;Norge;nivå
Arbeidsledighetsrate_AKU;Arbeidsledighetsrate AKU;Beregnet;Arbeidsmarked;Arbeidsledige etter AKU-definisjon som andel av arbeidsstyrken, 15–74 år;Beregnet;;Arbeidsledige_AKU og Arbeidsstyrke;Prosent;Årlig;1972;;create_derived_variables;Beregnet som Arbeidsledige_AKU / Arbeidsstyrke * 100.;Norge;rate
Ansatte;Ansatte;Original;Arbeidsmarked;Ansatte personer etter nasjonalregnskapets innenlandske konsept;Eurostat;https://ec.europa.eu/eurostat/databrowser/view/nama_10_pe/default/table?lang=en;nama_10_pe;Personer;Årlig;1975;2025;get_employees;unit = THS_PER, na_item = SAL_DC. Multiplisert med 1000.;Internasjonal;nivå
Lonn_EUR;Lønn i euro;Original;Lønn og inntekt;Lønn og salaries (D11) i løpende priser;Eurostat;https://ec.europa.eu/eurostat/databrowser/view/nama_10_gdp/default/table?lang=en;nama_10_gdp;Millioner euro;Årlig;1975;2025;get_wages;Wages and salaries. unit = CP_MEUR, na_item = D11.;Internasjonal;nivå
Lonn_nasjonal_valuta;Lønn i nasjonal valuta;Original;Lønn og inntekt;Lønn og salaries (D11) i løpende priser og nasjonal valuta;Eurostat;https://ec.europa.eu/eurostat/databrowser/view/nama_10_gdp/default/table?lang=en;nama_10_gdp;Millioner nasjonal valuta;Årlig;1975;2025;get_wages;Wages and salaries. unit = CP_MNAC, na_item = D11.;Internasjonal;nivå
Lonn_per_ansatt;Lønn per ansatt;Beregnet;Lønn og inntekt;Lønn per ansatt målt i euro;Beregnet;;Lonn_EUR og Ansatte;Euro per ansatt;Årlig;1975;2025;create_international_derived_variables;Beregnet som Lonn_EUR * 1e6 / Ansatte. Egnet for nivåsam­menligning mellom land.;Internasjonal;nivå
Lonn_per_ansatt_nasjonal_valuta;Lønn per ansatt i nasjonal valuta;Beregnet;Lønn og inntekt;Lønn per ansatt målt i landets nasjonale valuta;Beregnet;;Lonn_nasjonal_valuta og Ansatte;Nasjonal valuta per ansatt;Årlig;1975;2025;create_international_derived_variables;Beregnet som Lonn_nasjonal_valuta * 1e6 / Ansatte. Grunnlag for Lonnvekst.;Internasjonal;nivå
Lonnvekst;Lønnsvekst;Beregnet;Lønn og inntekt;Årlig vekst i lønn per ansatt;Beregnet;;Lonn_per_ansatt_nasjonal_valuta;Prosent;Årlig;1976;2025;create_international_derived_variables;Beregnet med growth_rate(Lonn_per_ansatt_nasjonal_valuta, Aar). Nasjonal valuta brukes for å unngå valutakurseffekter.;Internasjonal;rate
Reallonnsvekst;Reallønnsvekst;Beregnet;Lønn og inntekt;Årlig reallønnsvekst per ansatt;Beregnet;;Lonnvekst og Inflasjon;Prosent;Årlig;1976;2025;create_international_derived_variables;Beregnet som Lonnvekst - Inflasjon.;Internasjonal;rate
